{"task1":[{"total-time":"338.534646646","end-time":340.218,"init-timestamp":1712675369081,"end-timestamp":1712675709299,"start-timestamp":1712675369116,"start-time":0.035}],"task2":[{"total-time":"135220","start-timestamp":1712675709302,"init-timestamp":1712675369081,"end-time":475.441,"end-timestamp":1712675844522,"timings":[{"threads":1,"50th":1.952702,"90th":42.026111699999994,"95th":180.9731963499999,"99th":219.53188318999995,"mean":24.612058037550202,"total-queries":4980,"total-time":135202}],"start-time":340.221}]}
