{"task1":[{"start-time":0.035,"start-timestamp":1712674779294,"end-timestamp":1712675117973,"init-timestamp":1712674779259,"end-time":338.714,"total-time":"336.836165927"}],"task2":[{"start-time":338.717,"timings":[{"threads":1,"50th":2.0141514999999997,"90th":41.880697399999995,"95th":188.93844904999997,"99th":230.74021424999998,"mean":25.328304807831323,"total-queries":4980,"total-time":139221}],"end-timestamp":1712675257219,"end-time":477.96,"init-timestamp":1712674779259,"start-timestamp":1712675117976,"total-time":"139243"}]}